age,sex,bmi,steps,children,smoker,charges,insuranceclaim
19,,27.9,3009,0,,16884.924,1
18,,33.77,3008,1,,1725.5523,1
28,,33.0,3009,3,,4449.462,0
33,,22.705,10009,0,,21984.47061,0
32,,28.88,8010,0,,3866.8552,1
31,,25.74,8005,0,,3756.6216,0
46,,33.44,3002,1,,8240.5896,1
37,,27.74,8007,3,,7281.5056,0
37,,29.83,8002,2,,6406.4107,0
60,,25.84,5008,0,,28923.13692,0
25,,26.22,8006,0,,2721.3208,1
62,,26.29,5004,0,,27808.7251,1
23,,34.4,3008,0,,1826.843,1
56,,39.82,4001,0,,11090.7178,1
27,,42.13,4006,0,,39611.7577,1
19,,24.6,10000,1,,1837.237,0
52,,30.78,4008,1,,10797.3362,1
23,,23.845,10004,0,,2395.17155,0
56,,40.3,3003,0,,10602.385,1
30,,35.3,4010,0,,36837.467,1
60,,36.005,3002,0,,13228.84695,1
30,,32.4,4000,1,,4149.736,1
18,,34.1,4001,0,,1137.011,1
34,,31.92,4003,1,,37701.8768,1
37,,28.025,8000,2,,6203.90175,0
59,,27.72,8009,3,,14001.1338,1
63,,23.085,5000,0,,14451.83515,0
55,,32.775,4000,2,,12268.63225,0
23,,17.385,10006,1,,2775.19215,1
31,,36.3,4003,2,,38711.0,1
22,,35.6,4008,0,,35585.576,1
18,,26.315,8004,0,,2198.18985,1
19,,28.6,8003,5,,4687.797,0
63,,28.31,5002,0,,13770.0979,1
28,,36.4,4000,1,,51194.55914,1
19,,20.425,10006,0,,1625.43375,0
62,,32.965,3004,3,,15612.19335,0
26,,20.8,10007,0,,2302.3,0
35,,36.67,3003,1,,39774.2763,1
60,,39.9,4003,0,,48173.361,1
24,,26.6,8000,0,,3046.062,1
31,,36.63,3010,2,,4949.7587,0
41,,21.78,8005,1,,6272.4772,0
37,,30.8,4006,2,,6313.759,0
38,,37.05,4008,1,,6079.6715,0
55,,37.3,3005,0,,20630.28351,1
18,,38.665,3006,2,,3393.35635,0
28,,34.77,3001,0,,3556.9223,1
60,,24.53,5000,0,,12629.8967,0
36,,35.2,4001,1,,38709.176,1
18,,35.625,4004,0,,2211.13075,1
21,,33.63,3010,2,,3579.8287,0
48,,28.0,4001,1,,23568.272,1
36,,34.43,3006,0,,37742.5757,1
40,,28.69,8002,3,,8059.6791,0
58,,36.955,4000,2,,47496.49445,1
58,,31.825,3007,2,,13607.36875,0
18,,31.68,3005,2,,34303.1672,1
53,,22.88,8008,1,,23244.7902,1
34,,37.335,3009,2,,5989.52365,0
43,,27.36,8010,3,,8606.2174,1
25,,33.66,4007,4,,4504.6624,0
64,,24.7,8008,1,,30166.61817,0
28,,25.935,8008,1,,4133.64165,0
20,,22.42,4005,0,,14711.7438,1
19,,28.9,8003,0,,1743.214,1
61,,39.1,4010,2,,14235.072,1
40,,26.315,8009,1,,6389.37785,0
40,,36.19,4002,0,,5920.1041,1
28,,23.98,10004,3,,17663.1442,0
27,,24.75,4005,0,,16577.7795,1
31,,28.5,8003,5,,6799.458,0
53,,28.1,8009,3,,11741.726,1
58,,32.01,4001,1,,11946.6259,1
44,,27.4,8004,2,,7726.854,1
57,,34.01,3004,0,,11356.6609,1
29,,29.59,8002,1,,3947.4131,0
21,,35.53,3007,0,,1532.4697,1
22,,39.805,3001,0,,2755.02095,1
41,,32.965,4002,0,,6571.02435,1
31,,26.885,8000,1,,4441.21315,0
45,,38.285,4009,0,,7935.29115,1
22,,37.62,4000,1,,37165.1638,1
48,,41.23,3003,4,,11033.6617,0
37,,34.8,4003,2,,39836.519,1
45,,22.895,8002,2,,21098.55405,1
57,,31.16,4000,0,,43578.9394,1
56,,27.2,5001,0,,11073.176,1
46,,27.74,8005,0,,8026.6666,1
55,,26.98,5004,0,,11082.5772,1
21,,39.49,4003,0,,2026.9741,1
53,,24.795,8000,1,,10942.13205,0
59,,29.83,8008,3,,30184.9367,1
35,,34.77,4005,2,,5729.0053,0
64,,31.3,3001,2,,47291.055,1
28,,37.62,3003,1,,3766.8838,0
54,,30.8,3000,3,,12105.32,0
55,,38.28,3009,0,,10226.2842,1
56,,19.95,5004,0,,22412.6485,1
38,,19.3,4003,0,,15820.699,1
41,,31.6,4004,0,,6186.127,1
30,,25.46,8005,0,,3645.0894,0
18,,30.115,3002,0,,21344.8467,1
61,,29.92,8008,3,,30942.1918,1
34,,27.5,8000,1,,5003.853,0
20,,28.025,4002,1,,17560.37975,1
19,,28.4,8002,1,,2331.519,0
26,,30.875,4005,2,,3877.30425,0
29,,27.94,8009,0,,2867.1196,1
63,,35.09,4010,0,,47055.5321,1
54,,33.63,3008,1,,10825.2537,1
55,,29.7,8001,2,,11881.358,1
37,,30.8,4009,0,,4646.759,1
21,,35.72,3000,0,,2404.7338,1
52,,32.205,3003,3,,11488.31695,0
60,,28.595,5001,0,,30259.99556,1
58,,49.06,4007,0,,11381.3254,1
29,,27.94,3002,1,,19107.7796,1
49,,27.17,8005,0,,8601.3293,1
37,,23.37,10010,2,,6686.4313,0
44,,37.1,3002,2,,7740.337,1
18,,23.75,10001,0,,1705.6245,0
20,,28.975,8002,0,,2257.47525,1
44,,31.35,3007,1,,39556.4945,1
47,,33.915,3000,3,,10115.00885,0
26,,28.785,8004,0,,3385.39915,1
19,,28.3,4002,0,,17081.08,1
52,,37.4,4009,0,,9634.538,1
32,,17.765,3001,2,,32734.1863,0
38,,34.7,4007,2,,6082.405,0
59,,26.505,5005,0,,12815.44495,1
61,,22.04,5001,0,,13616.3586,0
53,,35.9,4001,2,,11163.568,1
19,,25.555,8010,0,,1632.56445,0
20,,28.785,8007,0,,2457.21115,1
22,,28.05,8002,0,,2155.6815,1
19,,34.1,3004,0,,1261.442,1
22,,25.175,8005,0,,2045.68525,0
54,,31.9,4007,3,,27322.73386,0
22,,36.0,4010,0,,2166.732,1
34,,22.42,10006,2,,27375.90478,0
26,,32.49,3002,1,,3490.5491,1
34,,25.3,4000,2,,18972.495,0
29,,29.735,8008,2,,18157.876,0
30,,28.69,3000,3,,20745.9891,0
29,,38.83,4005,3,,5138.2567,0
46,,30.495,3009,3,,40720.55105,1
51,,37.73,3006,1,,9877.6077,1
53,,37.43,3005,1,,10959.6947,1
19,,28.4,8006,1,,1842.519,0
35,,24.13,10006,1,,5125.2157,0
48,,29.7,8005,0,,7789.635,1
32,,37.145,3001,3,,6334.34355,0
42,,23.37,8001,0,,19964.7463,1
40,,25.46,8005,1,,7077.1894,0
44,,39.52,3001,0,,6948.7008,1
48,,24.42,8001,0,,21223.6758,1
18,,25.175,4004,0,,15518.18025,1
30,,35.53,3004,0,,36950.2567,1
50,,27.83,8010,3,,19749.38338,1
42,,26.6,4007,0,,21348.706,1
18,,36.85,4000,0,,36149.4835,1
54,,39.6,3006,1,,10450.552,1
32,,29.8,8010,2,,5152.134,0
37,,29.64,8000,0,,5028.1466,1
47,,28.215,8009,4,,10407.08585,1
20,,37.0,3009,5,,4830.63,0
32,,33.155,4007,3,,6128.79745,0
19,,31.825,4008,1,,2719.27975,1
27,,18.905,10004,3,,4827.90495,0
63,,41.47,4003,0,,13405.3903,1
49,,30.3,3004,0,,8116.68,1
18,,15.96,10007,0,,1694.7964,1
35,,34.8,4006,1,,5246.047,1
24,,33.345,3007,0,,2855.43755,1
63,,37.7,3008,0,,48824.45,1
38,,27.835,8003,2,,6455.86265,0
54,,29.2,8010,1,,10436.096,0
46,,28.9,8003,2,,8823.279,1
41,,33.155,4008,3,,8538.28845,0
58,,28.595,5010,0,,11735.87905,1
18,,38.28,4001,0,,1631.8212,1
22,,19.95,10003,3,,4005.4225,0
44,,26.41,8007,0,,7419.4779,1
44,,30.69,3004,2,,7731.4271,0
36,,41.895,4005,3,,43753.33705,1
26,,29.92,8000,2,,3981.9768,0
30,,30.9,4001,3,,5325.651,0
41,,32.2,3010,1,,6775.961,1
29,,32.11,4003,2,,4922.9159,0
61,,31.57,4004,0,,12557.6053,1
36,,26.2,8002,0,,4883.866,1
25,,25.74,8009,0,,2137.6536,0
56,,26.6,8007,1,,12044.342,0
18,,34.43,4005,0,,1137.4697,1
19,,30.59,3001,0,,1639.5631,1
39,,32.8,3007,0,,5649.715,1
45,,28.6,8009,2,,8516.829,1
51,,18.05,5003,0,,9644.2525,0
64,,39.33,3007,0,,14901.5167,1
19,,32.11,3003,0,,2130.6759,1
48,,32.23,3001,1,,8871.1517,1
60,,24.035,5006,0,,13012.20865,0
27,,36.08,3006,0,,37133.8982,1
46,,22.3,8006,0,,7147.105,0
28,,28.88,8002,1,,4337.7352,0
59,,26.4,5002,0,,11743.299,1
35,,27.74,3001,2,,20984.0936,0
63,,31.8,4008,0,,13880.949,1
40,,41.23,3003,1,,6610.1097,1
20,,33.0,4001,1,,1980.07,1
40,,30.875,4002,4,,8162.71625,0
24,,28.5,8006,2,,3537.703,0
34,,26.73,8003,1,,5002.7827,0
45,,30.9,3004,2,,8520.026,0
41,,37.1,4004,2,,7371.772,1
53,,26.6,5000,0,,10355.641,1
27,,23.1,10003,0,,2483.736,0
26,,29.92,8006,1,,3392.9768,0
24,,23.21,10008,0,,25081.76784,0
34,,33.7,4009,1,,5012.471,1
53,,33.25,3003,0,,10564.8845,1
32,,30.8,4006,3,,5253.524,0
19,,34.8,3008,0,,34779.615,1
42,,24.64,8000,0,,19515.5416,1
55,,33.88,4002,3,,11987.1682,0
28,,38.06,4006,0,,2689.4954,1
58,,41.91,4004,0,,24227.33724,1
41,,31.635,3009,1,,7358.17565,1
47,,25.46,8007,2,,9225.2564,1
42,,36.195,3007,1,,7443.64305,1
59,,27.83,8008,3,,14001.2867,1
19,,17.8,10002,0,,1727.785,0
59,,27.5,8008,1,,12333.828,0
39,,24.51,10008,2,,6710.1919,0
40,,22.22,8003,2,,19444.2658,0
18,,26.73,8001,0,,1615.7667,1
31,,38.39,3010,2,,4463.2051,0
19,,29.07,4005,0,,17352.6803,1
44,,38.06,4009,1,,7152.6714,1
23,,36.67,3000,2,,38511.6283,1
33,,22.135,10004,1,,5354.07465,0
55,,26.8,8009,1,,35160.13457,0
40,,35.3,4006,3,,7196.867,0
63,,27.74,5004,0,,29523.1656,1
54,,30.02,4005,0,,24476.47851,1
60,,38.06,3008,0,,12648.7034,1
24,,35.86,3000,0,,1986.9334,1
19,,20.9,10007,1,,1832.094,0
29,,28.975,8002,1,,4040.55825,0
18,,17.29,3006,2,,12829.4551,0
63,,32.2,3002,2,,47305.305,1
54,,34.21,4000,2,,44260.7499,1
27,,30.3,3006,3,,4260.744,0
50,,31.825,3007,0,,41097.16175,1
55,,25.365,8001,3,,13047.33235,1
56,,33.63,3009,0,,43921.1837,1
38,,40.15,4008,0,,5400.9805,1
51,,24.415,8010,4,,11520.09985,0
19,,31.92,3010,0,,33750.2918,1
58,,25.2,5009,0,,11837.16,0
20,,26.84,4010,1,,17085.2676,1
52,,24.32,8008,3,,24869.8368,1
19,,36.955,3009,0,,36219.40545,1
53,,38.06,3009,3,,20462.99766,0
46,,42.35,4006,3,,46151.1245,1
40,,19.8,8003,1,,17179.522,1
59,,32.395,4006,3,,14590.63205,0
45,,30.2,4006,1,,7441.053,1
49,,25.84,8010,1,,9282.4806,0
18,,29.37,8003,1,,1719.4363,0
50,,34.2,4000,2,,42856.838,1
41,,37.05,4006,2,,7265.7025,1
50,,27.455,8006,1,,9617.66245,0
25,,27.55,8000,0,,2523.1695,1
47,,26.6,8010,2,,9715.841,1
19,,20.615,10009,2,,2803.69785,0
22,,24.3,10004,0,,2150.469,0
59,,31.79,3007,2,,12928.7911,0
51,,21.56,10000,1,,9855.1314,0
40,,28.12,3000,1,,22331.5668,1
54,,40.565,4010,3,,48549.17835,1
30,,27.645,8009,1,,4237.12655,0
55,,32.395,3003,1,,11879.10405,1
52,,31.2,4007,0,,9625.92,1
46,,26.62,8007,1,,7742.1098,0
46,,48.07,3003,2,,9432.9253,1
63,,26.22,5003,0,,14256.1928,1
59,,36.765,4006,1,,47896.79135,1
52,,26.4,8004,3,,25992.82104,1
28,,33.4,3007,0,,3172.018,1
29,,29.64,8002,1,,20277.80751,0
25,,45.54,3004,2,,42112.2356,1
22,,28.82,8008,0,,2156.7518,1
25,,26.8,8004,3,,3906.127,0
18,,22.99,10003,0,,1704.5681,0
19,,27.7,3008,0,,16297.846,1
47,,25.41,4004,1,,21978.6769,1
31,,34.39,3000,3,,38746.3551,1
48,,28.88,8006,1,,9249.4952,0
36,,27.55,8004,3,,6746.7425,0
53,,22.61,8008,3,,24873.3849,1
56,,37.51,3009,2,,12265.5069,1
28,,33.0,4002,2,,4349.462,0
57,,38.0,3003,2,,12646.207,1
29,,33.345,3008,2,,19442.3535,0
28,,27.5,8010,2,,20177.67113,0
30,,33.33,3004,1,,4151.0287,1
58,,34.865,3010,0,,11944.59435,1
41,,33.06,3002,2,,7749.1564,0
50,,26.6,8001,0,,8444.474,1
19,,24.7,10007,0,,1737.376,0
43,,35.97,3007,3,,42124.5153,1
49,,35.86,3000,0,,8124.4084,1
27,,31.4,4002,0,,34838.873,1
52,,33.25,3007,0,,9722.7695,1
50,,32.205,3006,0,,8835.26495,1
54,,32.775,3004,0,,10435.06525,1
44,,27.645,8007,0,,7421.19455,1
32,,37.335,4003,1,,4667.60765,0
34,,25.27,8001,1,,4894.7533,0
26,,29.64,8005,4,,24671.66334,0
34,,30.8,4009,0,,35491.64,1
57,,40.945,3009,0,,11566.30055,1
29,,27.2,8007,0,,2866.091,1
40,,34.105,3006,1,,6600.20595,1
27,,23.21,10004,1,,3561.8889,0
45,,36.48,3001,2,,42760.5022,1
64,,33.8,3001,1,,47928.03,1
52,,36.7,3006,0,,9144.565,1
61,,36.385,4002,1,,48517.56315,1
52,,27.36,5002,0,,24393.6224,1
61,,31.16,3009,0,,13429.0354,1
56,,28.785,5000,0,,11658.37915,1
43,,35.72,3010,2,,19144.57652,1
64,,34.5,3002,0,,13822.803,1
60,,25.74,5008,0,,12142.5786,0
62,,27.55,8008,1,,13937.6665,0
50,,32.3,4008,1,,41919.097,1
46,,27.72,8003,1,,8232.6388,0
24,,27.6,8010,0,,18955.22017,1
62,,30.02,3008,0,,13352.0998,1
60,,27.55,5002,0,,13217.0945,1
63,,36.765,4007,0,,13981.85035,1
49,,41.47,3000,4,,10977.2063,0
34,,29.26,8005,3,,6184.2994,0
33,,35.75,3003,2,,4889.9995,0
46,,33.345,3009,1,,8334.45755,1
36,,29.92,8004,1,,5478.0368,0
19,,27.835,8007,0,,1635.73365,1
57,,23.18,5003,0,,11830.6072,0
50,,25.6,8008,0,,8932.084,0
30,,27.7,8000,0,,3554.203,1
33,,35.245,3009,0,,12404.8791,1
18,,38.28,4009,0,,14133.03775,1
46,,27.6,8009,0,,24603.04837,1
46,,43.89,4006,3,,8944.1151,0
47,,29.83,8004,3,,9620.3307,1
23,,41.91,3005,0,,1837.2819,1
18,,20.79,10004,0,,1607.5101,0
48,,32.3,4006,2,,10043.249,0
35,,30.5,3004,1,,4751.07,0
19,,21.7,4005,0,,13844.506,1
21,,26.4,8001,1,,2597.779,0
21,,21.89,10009,2,,3180.5101,0
49,,30.78,4001,1,,9778.3472,1
56,,32.3,3003,3,,13430.265,0
42,,24.985,8005,2,,8017.06115,0
44,,32.015,4003,2,,8116.26885,0
18,,30.4,4003,3,,3481.868,0
61,,21.09,5006,0,,13415.0381,0
57,,22.23,5006,0,,12029.2867,0
42,,33.155,4003,1,,7639.41745,1
26,,32.9,4001,2,,36085.219,1
20,,33.33,3003,0,,1391.5287,1
23,,28.31,3001,0,,18033.9679,1
39,,24.89,3008,3,,21659.9301,0
24,,40.15,4005,0,,38126.2465,1
64,,30.115,3006,3,,16455.70785,0
62,,31.46,3010,1,,27000.98473,1
27,,17.955,3002,2,,15006.57945,0
55,,30.685,3004,0,,42303.69215,1
55,,33.0,3006,0,,20781.48892,1
35,,43.34,4000,2,,5846.9176,0
44,,22.135,8000,2,,8302.53565,0
19,,34.4,4003,0,,1261.859,1
58,,39.05,4002,0,,11856.4115,1
50,,25.365,8005,2,,30284.64294,1
26,,22.61,10002,0,,3176.8159,0
24,,30.21,3002,3,,4618.0799,0
48,,35.625,3002,4,,10736.87075,0
19,,37.43,4007,0,,2138.0707,1
48,,31.445,4008,1,,8964.06055,1
49,,31.35,4009,1,,9290.1395,1
46,,32.3,4000,2,,9411.005,0
46,,19.855,8010,0,,7526.70645,0
43,,34.4,3006,3,,8522.003,0
21,,31.02,4005,0,,16586.49771,1
64,,25.6,8004,2,,14988.432,1
18,,38.17,3005,0,,1631.6683,1
51,,20.6,10000,0,,9264.797,0
47,,47.52,4008,1,,8083.9198,1
64,,32.965,3000,0,,14692.66935,1
49,,32.3,3002,3,,10269.46,0
31,,20.4,10006,0,,3260.199,0
52,,38.38,4004,2,,11396.9002,1
33,,24.31,10004,0,,4185.0979,0
47,,23.6,8004,1,,8539.671,0
38,,21.12,10001,3,,6652.5288,0
32,,30.03,4000,1,,4074.4537,0
19,,17.48,10005,0,,1621.3402,1
44,,20.235,8003,1,,19594.80965,1
26,,17.195,3005,2,,14455.64405,0
25,,23.9,10000,5,,5080.096,0
19,,35.15,4000,0,,2134.9015,1
43,,35.64,3008,1,,7345.7266,1
52,,34.1,3005,0,,9140.951,1
36,,22.6,3008,2,,18608.262,0
64,,39.16,3009,1,,14418.2804,1
63,,26.98,5002,0,,28950.4692,1
64,,33.88,4007,0,,46889.2612,1
61,,35.86,4010,0,,46599.1084,1
40,,32.775,4004,1,,39125.33225,1
25,,30.59,3010,0,,2727.3951,1
48,,30.2,4000,2,,8968.33,0
45,,24.31,8008,5,,9788.8659,0
38,,27.265,8004,1,,6555.07035,0
18,,29.165,8002,0,,7323.734819,1
21,,16.815,10005,1,,3167.45585,1
27,,30.4,4005,3,,18804.7524,0
19,,33.1,3000,0,,23082.95533,1
29,,20.235,10000,2,,4906.40965,0
42,,26.9,8002,0,,5969.723,1
60,,30.5,4008,0,,12638.195,1
31,,28.595,8003,1,,4243.59005,0
60,,33.11,4005,3,,13919.8229,0
22,,31.73,3000,0,,2254.7967,1
35,,28.9,8007,3,,5926.846,0
52,,46.75,3007,5,,12592.5345,1
26,,29.45,8001,0,,2897.3235,1
31,,32.68,3003,1,,4738.2682,1
33,,33.5,4010,0,,37079.372,1
18,,43.01,4001,0,,1149.3959,1
59,,36.52,4005,1,,28287.89766,1
56,,26.695,8008,1,,26109.32905,1
45,,33.1,3007,0,,7345.084,1
60,,29.64,5000,0,,12730.9996,1
56,,25.65,5007,0,,11454.0215,0
40,,29.6,8002,0,,5910.944,1
35,,38.6,3002,1,,4762.329,0
39,,29.6,8002,4,,7512.267,0
30,,24.13,10008,1,,4032.2407,0
24,,23.4,10001,0,,1969.614,0
20,,29.735,8010,0,,1769.53165,1
32,,46.53,3000,2,,4686.3887,1
59,,37.4,3008,0,,21797.0004,1
55,,30.14,3002,2,,11881.9696,0
57,,30.495,4007,0,,11840.77505,1
56,,39.6,4007,0,,10601.412,1
40,,33.0,3009,3,,7682.67,0
49,,36.63,3010,3,,10381.4787,0
42,,30.0,3000,0,,22144.032,1
62,,38.095,4007,2,,15230.32405,1
56,,25.935,5003,0,,11165.41765,0
19,,25.175,8008,0,,1632.03625,0
30,,28.38,4003,1,,19521.9682,1
60,,28.7,8006,1,,13224.693,0
56,,33.82,3005,2,,12643.3778,0
28,,24.32,10010,1,,23288.9284,0
18,,24.09,10006,1,,2201.0971,0
27,,32.67,3000,0,,2497.0383,1
18,,30.115,4007,0,,2203.47185,1
19,,29.8,8003,0,,1744.465,1
47,,33.345,4005,0,,20878.78443,1
54,,25.1,8008,3,,25382.297,1
61,,28.31,8008,1,,28868.6639,1
24,,28.5,3006,0,,35147.52848,1
25,,35.625,3003,0,,2534.39375,1
21,,36.85,3001,0,,1534.3045,1
23,,32.56,3007,0,,1824.2854,1
63,,41.325,4007,3,,15555.18875,0
49,,37.51,4010,2,,9304.7019,1
18,,31.35,3000,0,,1622.1885,1
51,,39.5,4008,1,,9880.068,1
48,,34.3,4007,3,,9563.029,0
31,,31.065,4007,0,,4347.02335,1
54,,21.47,8000,3,,12475.3513,0
19,,28.7,8001,0,,1253.936,1
44,,38.06,3006,0,,48885.13561,1
53,,31.16,4010,1,,10461.9794,1
19,,32.9,4006,0,,1748.774,1
61,,25.08,5005,0,,24513.09126,0
18,,25.08,8008,0,,2196.4732,0
61,,43.4,3007,0,,12574.049,1
21,,25.7,4004,4,,17942.106,0
20,,27.93,8002,0,,1967.0227,1
31,,23.6,10009,2,,4931.647,0
45,,28.7,8004,2,,8027.968,1
44,,23.98,8008,2,,8211.1002,0
62,,39.2,4010,0,,13470.86,1
29,,34.4,3000,0,,36197.699,1
43,,26.03,8009,0,,6837.3687,1
51,,23.21,8008,1,,22218.1149,1
19,,30.25,3003,0,,32548.3405,1
38,,28.93,8005,1,,5974.3847,0
37,,30.875,4002,3,,6796.86325,0
22,,31.35,3010,1,,2643.2685,1
21,,23.75,10008,2,,3077.0955,0
24,,25.27,8002,0,,3044.2133,0
57,,28.7,5007,0,,11455.28,1
56,,32.11,4007,1,,11763.0009,1
27,,33.66,4007,0,,2498.4144,1
51,,22.42,5001,0,,9361.3268,0
19,,30.4,4004,0,,1256.299,1
39,,28.3,3008,1,,21082.16,1
58,,35.7,3004,0,,11362.755,1
20,,35.31,4000,1,,27724.28875,0
45,,30.495,3003,2,,8413.46305,0
35,,31.0,4004,1,,5240.765,0
31,,30.875,3008,0,,3857.75925,1
50,,27.36,8005,0,,25656.57526,1
32,,44.22,3004,0,,3994.1778,1
51,,33.915,4003,0,,9866.30485,1
38,,37.73,3000,0,,5397.6167,1
42,,26.07,3010,1,,38245.59327,1
18,,33.88,4008,0,,11482.63485,1
19,,30.59,4005,2,,24059.68019,0
51,,25.8,8010,1,,9861.025,0
46,,39.425,3009,1,,8342.90875,1
18,,25.46,8009,0,,1708.0014,0
57,,42.13,3001,1,,48675.5177,1
62,,31.73,4000,0,,14043.4767,1
59,,29.7,8001,2,,12925.886,1
37,,36.19,4004,0,,19214.70553,1
64,,40.48,3008,0,,13831.1152,1
38,,28.025,8000,1,,6067.12675,0
33,,38.9,3007,3,,5972.378,0
46,,30.2,3000,2,,8825.086,0
46,,28.05,8007,1,,8233.0975,0
53,,31.35,3002,0,,27346.04207,1
34,,38.0,4002,3,,6196.448,0
20,,31.79,4010,2,,3056.3881,0
63,,36.3,4005,0,,13887.204,1
54,,47.41,4010,0,,63770.42801,1
54,,30.21,3003,0,,10231.4999,1
49,,25.84,4004,2,,23807.2406,1
28,,35.435,3008,0,,3268.84665,1
54,,46.7,4008,2,,11538.421,1
25,,28.595,8004,0,,3213.62205,1
43,,46.2,3010,0,,45863.205,1
63,,30.8,3008,0,,13390.559,1
32,,28.93,8005,0,,3972.9247,1
62,,21.4,5001,0,,12957.118,0
52,,31.73,3009,2,,11187.6567,0
25,,41.325,3003,0,,17878.90068,1
28,,23.8,10006,2,,3847.674,0
46,,33.44,3010,1,,8334.5896,1
34,,34.21,4010,0,,3935.1799,1
35,,34.105,4002,3,,39983.42595,1
19,,35.53,3004,0,,1646.4297,1
46,,19.95,8005,2,,9193.8385,0
54,,32.68,3004,0,,10923.9332,1
27,,30.5,4007,0,,2494.022,1
50,,44.77,3008,1,,9058.7303,1
18,,32.12,4010,2,,2801.2588,0
19,,30.495,4004,0,,2128.43105,1
38,,40.565,4007,1,,6373.55735,1
41,,30.59,3006,2,,7256.7231,0
49,,31.9,3008,5,,11552.904,0
48,,40.565,3005,2,,45702.02235,1
31,,29.1,8001,0,,3761.292,1
18,,37.29,4002,1,,2219.4451,0
30,,43.12,3002,2,,4753.6368,0
62,,36.86,3008,1,,31620.00106,1
57,,34.295,4009,2,,13224.05705,0
58,,27.17,5004,0,,12222.8983,1
22,,26.84,8000,0,,1664.9996,1
31,,38.095,3000,1,,58571.07448,1
52,,30.2,3008,1,,9724.53,1
25,,23.465,10006,0,,3206.49135,0
59,,25.46,8004,1,,12913.9924,0
19,,30.59,4010,0,,1639.5631,1
39,,45.43,3006,2,,6356.2707,1
32,,23.65,10008,1,,17626.23951,0
19,,20.7,10008,0,,1242.816,0
33,,28.27,8003,1,,4779.6023,0
21,,20.235,10000,3,,3861.20965,0
34,,30.21,4009,1,,43943.8761,1
61,,35.91,3009,0,,13635.6379,1
38,,30.69,4006,1,,5976.8311,0
58,,29.0,5008,0,,11842.442,1
47,,19.57,8003,1,,8428.0693,0
20,,31.13,3007,2,,2566.4707,0
21,,21.85,3004,1,,15359.1045,1
41,,40.26,3001,0,,5709.1644,1
46,,33.725,3008,1,,8823.98575,1
42,,29.48,8003,2,,7640.3092,1
34,,33.25,3004,1,,5594.8455,1
43,,32.6,3003,2,,7441.501,0
52,,37.525,4009,2,,33471.97189,1
18,,39.16,3003,0,,1633.0444,1
51,,31.635,3010,0,,9174.13565,1
56,,25.3,5001,0,,11070.535,0
64,,39.05,4009,3,,16085.1275,0
19,,28.31,3010,0,,17468.9839,1
51,,34.1,4000,0,,9283.562,1
27,,25.175,8009,0,,3558.62025,0
59,,23.655,5007,0,,25678.77845,1
28,,26.98,8001,2,,4435.0942,0
30,,37.8,4003,2,,39241.442,1
47,,29.37,8004,1,,8547.6913,0
38,,34.8,4000,2,,6571.544,0
18,,33.155,3005,0,,2207.69745,1
34,,19.0,10005,3,,6753.038,0
20,,33.0,4010,0,,1880.07,1
47,,36.63,4002,1,,42969.8527,1
56,,28.595,5010,0,,11658.11505,1
49,,25.6,3007,2,,23306.547,1
19,,33.11,4002,0,,34439.8559,1
55,,37.1,3000,0,,10713.644,1
30,,31.4,3006,1,,3659.346,1
37,,34.1,4006,4,,40182.246,1
49,,21.3,8002,1,,9182.17,0
18,,33.535,3008,0,,34617.84065,1
59,,28.785,5001,0,,12129.61415,1
29,,26.03,8009,0,,3736.4647,1
36,,28.88,8007,3,,6748.5912,0
33,,42.46,4006,1,,11326.71487,1
58,,38.0,3007,0,,11365.952,1
44,,38.95,3010,0,,42983.4585,1
53,,36.1,4000,1,,10085.846,1
24,,29.3,8010,0,,1977.815,1
29,,35.53,3004,0,,3366.6697,1
40,,22.705,8008,2,,7173.35995,0
51,,39.7,4002,1,,9391.346,1
64,,38.19,3008,0,,14410.9321,1
19,,24.51,10001,1,,2709.1119,0
35,,38.095,3009,2,,24915.04626,0
39,,26.41,4010,0,,20149.3229,1
56,,33.66,4000,4,,12949.1554,0
33,,42.4,3005,5,,6666.243,0
42,,28.31,3009,3,,32787.45859,0
61,,33.915,4000,0,,13143.86485,1
23,,34.96,4007,3,,4466.6214,0
43,,35.31,3009,2,,18806.14547,1
48,,30.78,3002,3,,10141.1362,0
39,,26.22,8004,1,,6123.5688,0
40,,23.37,8010,3,,8252.2843,0
18,,28.5,8001,0,,1712.227,1
58,,32.965,3007,0,,12430.95335,1
49,,42.68,4004,2,,9800.8882,0
53,,39.6,4006,1,,10579.711,1
48,,31.13,4001,0,,8280.6227,1
45,,36.3,4002,2,,8527.532,1
59,,35.2,4007,0,,12244.531,1
52,,25.3,8008,2,,24667.419,1
26,,42.4,4009,1,,3410.324,1
27,,33.155,3006,2,,4058.71245,0
48,,35.91,3007,1,,26392.26029,1
57,,28.785,8009,4,,14394.39815,1
37,,46.53,3005,3,,6435.6237,1
57,,23.98,8003,1,,22192.43711,0
32,,31.54,4004,1,,5148.5526,1
18,,33.66,3007,0,,1136.3994,1
64,,22.99,5006,0,,27037.9141,1
43,,38.06,3004,2,,42560.4304,1
49,,28.7,8000,1,,8703.456,0
40,,32.775,4005,2,,40003.33225,1
62,,32.015,4000,0,,45710.20785,1
40,,29.81,8009,1,,6500.2359,0
30,,31.57,4006,3,,4837.5823,0
29,,31.16,4008,0,,3943.5954,1
36,,29.7,8008,0,,4399.731,1
41,,31.02,4007,0,,6185.3208,1
44,,43.89,3009,2,,46200.9851,1
45,,21.375,8002,0,,7222.78625,0
55,,40.81,4000,3,,12485.8009,0
60,,31.35,3002,3,,46130.5265,1
56,,36.1,4001,3,,12363.547,0
49,,23.18,8003,2,,10156.7832,0
21,,17.4,10002,1,,2585.269,1
19,,20.3,10005,0,,1242.26,0
39,,35.3,3006,2,,40103.89,1
53,,24.32,5001,0,,9863.4718,0
33,,18.5,10000,1,,4766.022,0
53,,26.41,8000,2,,11244.3769,1
42,,26.125,8007,2,,7729.64575,1
40,,41.69,4007,0,,5438.7491,1
47,,24.1,8002,1,,26236.57997,0
27,,31.13,4005,1,,34806.4677,1
21,,27.36,8002,0,,2104.1134,1
47,,36.2,4010,1,,8068.185,1
20,,32.395,3001,1,,2362.22905,1
24,,23.655,10000,0,,2352.96845,0
27,,34.8,4005,1,,3577.999,1
26,,40.185,3008,0,,3201.24515,1
53,,32.3,3006,2,,29186.48236,0
41,,35.75,4010,1,,40273.6455,1
56,,33.725,4010,0,,10976.24575,1
23,,39.27,4000,2,,3500.6123,0
21,,34.87,3003,0,,2020.5523,1
50,,44.745,4009,0,,9541.69555,1
53,,41.47,4007,0,,9504.3103,1
34,,26.41,8003,1,,5385.3379,0
47,,29.545,8007,1,,8930.93455,0
33,,32.9,4007,2,,5375.038,0
51,,38.06,3003,0,,44400.4064,1
49,,28.69,8000,3,,10264.4421,1
31,,30.495,3003,3,,6113.23105,0
36,,27.74,8009,0,,5469.0066,1
18,,35.2,4009,1,,1727.54,0
50,,23.54,8008,2,,10107.2206,0
43,,30.685,3000,2,,8310.83915,0
20,,40.47,3002,0,,1984.4533,1
24,,22.6,10005,0,,2457.502,0
60,,28.9,5010,0,,12146.971,1
49,,22.61,8001,1,,9566.9909,0
60,,24.32,10000,1,,13112.6048,0
51,,36.67,3009,2,,10848.1343,1
58,,33.44,4008,0,,12231.6136,1
51,,40.66,4010,0,,9875.6804,1
53,,36.6,4002,3,,11264.541,0
62,,37.4,3010,0,,12979.358,1
19,,35.4,3010,0,,1263.249,1
50,,27.075,8010,1,,10106.13425,0
30,,39.05,3001,3,,40932.4295,1
41,,28.405,8010,1,,6664.68595,0
29,,21.755,4007,1,,16657.71745,1
18,,40.28,3009,0,,2217.6012,1
41,,36.08,4001,1,,6781.3542,1
35,,24.42,4003,3,,19361.9988,0
53,,21.4,8003,1,,10065.413,0
24,,30.1,4008,3,,4234.927,0
48,,27.265,8003,1,,9447.25035,0
59,,32.1,3002,3,,14007.222,0
49,,34.77,3001,1,,9583.8933,1
37,,38.39,4003,0,,40419.0191,1
26,,23.7,10005,2,,3484.331,0
23,,31.73,4008,3,,36189.1017,1
29,,35.5,3007,2,,44585.45587,1
45,,24.035,8009,2,,8604.48365,0
27,,29.15,3010,0,,18246.4955,1
53,,34.105,4009,0,,43254.41795,1
31,,26.62,8007,0,,3757.8448,1
50,,26.41,8003,0,,8827.2099,1
50,,30.115,3008,1,,9910.35985,1
34,,27.0,8007,2,,11737.84884,0
19,,21.755,10002,0,,1627.28245,0
47,,36.0,3006,1,,8556.907,1
28,,30.875,4000,0,,3062.50825,1
37,,26.4,3000,0,,19539.243,1
21,,28.975,8010,0,,1906.35825,1
64,,37.905,4005,0,,14210.53595,1
58,,22.77,5008,0,,11833.7823,0
24,,33.63,4001,4,,17128.42608,0
31,,27.645,8000,2,,5031.26955,0
39,,22.8,10007,3,,7985.815,0
47,,27.83,3010,0,,23065.4207,1
30,,37.43,3000,3,,5428.7277,0
18,,38.17,4003,0,,36307.7983,1
22,,34.58,3001,2,,3925.7582,0
23,,35.2,3008,1,,2416.955,0
33,,27.1,3005,1,,19040.876,1
27,,26.03,8007,0,,3070.8087,1
45,,25.175,8007,2,,9095.06825,1
57,,31.825,4009,0,,11842.62375,1
47,,32.3,4001,1,,8062.764,1
42,,29.0,8000,1,,7050.642,0
64,,39.7,4002,0,,14319.031,1
38,,19.475,10000,2,,6933.24225,0
61,,36.1,3002,3,,27941.28758,0
53,,26.7,8003,2,,11150.78,1
44,,36.48,4004,0,,12797.20962,1
19,,28.88,3008,0,,17748.5062,1
41,,34.2,3003,2,,7261.741,0
51,,33.33,3001,3,,10560.4917,0
40,,32.3,4009,2,,6986.697,0
45,,39.805,4006,0,,7448.40395,1
35,,34.32,4009,3,,5934.3798,0
53,,28.88,5004,0,,9869.8102,1
30,,24.4,4006,3,,18259.216,0
18,,41.14,4003,0,,1146.7966,1
51,,35.97,4004,1,,9386.1613,1
50,,27.6,4000,1,,24520.264,1
31,,29.26,8006,1,,4350.5144,0
35,,27.7,8008,3,,6414.178,0
60,,36.955,3010,0,,12741.16745,1
21,,36.86,4002,0,,1917.3184,1
29,,22.515,10001,3,,5209.57885,0
62,,29.92,5010,0,,13457.9608,1
39,,41.8,3008,0,,5662.225,1
19,,27.6,8008,0,,1252.407,1
22,,23.18,10003,0,,2731.9122,0
53,,20.9,5010,0,,21195.818,1
39,,31.92,4010,2,,7209.4918,0
27,,28.5,3010,0,,18310.742,1
30,,44.22,4009,2,,4266.1658,0
30,,22.895,10007,1,,4719.52405,0
58,,33.1,4006,0,,11848.141,1
33,,24.795,3005,0,,17904.52705,1
42,,26.18,8002,1,,7046.7222,0
64,,35.97,3005,0,,14313.8463,1
21,,22.3,10010,1,,2103.08,0
18,,42.24,3006,0,,38792.6856,1
23,,26.51,8002,0,,1815.8759,1
45,,35.815,3006,0,,7731.85785,1
40,,41.42,3003,1,,28476.73499,1
19,,36.575,3001,0,,2136.88225,1
18,,30.14,3010,0,,1131.5066,1
25,,25.84,8002,1,,3309.7926,0
46,,30.8,3009,3,,9414.92,0
33,,42.94,3005,3,,6360.9936,0
54,,21.01,8000,2,,11013.7119,0
28,,22.515,10008,2,,4428.88785,0
36,,34.43,3007,2,,5584.3057,0
20,,31.46,4008,0,,1877.9294,1
24,,24.225,10006,0,,2842.76075,0
23,,37.1,3000,3,,3597.596,0
47,,26.125,3003,1,,23401.30575,1
33,,35.53,3004,0,,55135.40209,1
45,,33.7,3009,1,,7445.918,1
26,,17.67,10005,0,,2680.9493,0
18,,31.13,3002,0,,1621.8827,1
44,,29.81,8001,2,,8219.2039,1
60,,24.32,5005,0,,12523.6048,0
64,,31.825,3009,2,,16069.08475,0
56,,31.79,4008,2,,43813.8661,1
36,,28.025,3002,1,,20773.62775,1
41,,30.78,4006,3,,39597.4072,1
39,,21.85,10008,1,,6117.4945,0
63,,33.1,4006,0,,13393.756,1
36,,25.84,8008,0,,5266.3656,0
28,,23.845,10002,2,,4719.73655,0
58,,34.39,3004,0,,11743.9341,1
36,,33.82,4003,1,,5377.4578,1
42,,35.97,3003,2,,7160.3303,1
36,,31.5,4009,0,,4402.233,1
56,,28.31,5010,0,,11657.7189,1
35,,23.465,10007,2,,6402.29135,0
59,,31.35,3009,0,,12622.1795,1
21,,31.1,3006,0,,1526.312,1
59,,24.7,5000,0,,12323.936,0
23,,32.78,3004,2,,36021.0112,1
57,,29.81,5006,0,,27533.9129,1
53,,30.495,3002,0,,10072.05505,1
60,,32.45,3005,0,,45008.9555,1
51,,34.2,3004,1,,9872.701,1
23,,50.38,3007,1,,2438.0552,1
27,,24.1,10003,0,,2974.126,0
55,,32.775,4007,0,,10601.63225,1
37,,30.78,3000,0,,37270.1512,1
61,,32.3,3001,2,,14119.62,0
46,,35.53,3002,0,,42111.6647,1
53,,23.75,8005,2,,11729.6795,0
49,,23.845,8005,3,,24106.91255,1
20,,29.6,8010,0,,1875.344,1
48,,33.11,4005,0,,40974.1649,1
25,,24.13,3005,0,,15817.9857,1
25,,32.23,4005,1,,18218.16139,1
57,,28.1,5007,0,,10965.446,1
37,,47.6,4009,2,,46113.511,1
38,,28.0,8005,3,,7151.092,0
55,,33.535,3000,2,,12269.68865,0
36,,19.855,10000,0,,5458.04645,0
51,,25.4,5010,0,,8782.469,0
40,,29.9,8000,2,,6600.361,0
18,,37.29,4004,0,,1141.4451,1
57,,43.7,4002,1,,11576.13,1
61,,23.655,10000,0,,13129.60345,0
25,,24.3,10006,3,,4391.652,0
50,,36.2,4002,0,,8457.818,1
26,,29.48,8009,1,,3392.3652,0
42,,24.86,8008,0,,5966.8874,0
43,,30.1,4003,1,,6849.026,1
44,,21.85,8004,3,,8891.1395,0
23,,28.12,8005,0,,2690.1138,1
49,,27.1,8003,1,,26140.3603,0
33,,33.44,4004,5,,6653.7886,0
41,,28.8,8001,1,,6282.235,0
37,,29.5,8009,2,,6311.952,0
22,,34.8,3004,3,,3443.064,0
23,,27.36,8004,1,,2789.0574,0
21,,22.135,10008,0,,2585.85065,0
51,,37.05,4008,3,,46255.1125,1
25,,26.695,8006,4,,4877.98105,0
32,,28.93,3005,1,,19719.6947,1
57,,28.975,5009,0,,27218.43725,1
36,,30.02,4006,0,,5272.1758,1
22,,39.5,3005,0,,1682.597,1
57,,33.63,3006,1,,11945.1327,1
64,,26.885,5005,0,,29330.98315,1
36,,29.04,8010,4,,7243.8136,0
54,,24.035,5000,0,,10422.91665,0
47,,38.94,3006,2,,44202.6536,1
62,,32.11,3006,0,,13555.0049,1
61,,44.0,3009,0,,13063.883,1
43,,20.045,8000,2,,19798.05455,1
19,,25.555,8008,1,,2221.56445,0
18,,40.26,3005,0,,1634.5734,1
19,,22.515,10001,0,,2117.33885,0
49,,22.515,8003,0,,8688.85885,0
60,,40.92,3002,0,,48673.5588,1
26,,27.265,8005,3,,4661.28635,0
49,,36.85,3009,0,,8125.7845,1
60,,35.1,3000,0,,12644.589,1
26,,29.355,8008,2,,4564.19145,0
27,,32.585,4001,3,,4846.92015,0
44,,32.34,3002,1,,7633.7206,1
63,,39.8,3010,3,,15170.069,0
32,,24.6,4002,0,,17496.306,1
22,,28.31,8008,1,,2639.0429,0
18,,31.73,4002,0,,33732.6867,1
59,,26.695,8008,3,,14382.70905,1
44,,27.5,8002,1,,7626.993,0
33,,24.605,10006,2,,5257.50795,0
24,,33.99,4009,0,,2473.3341,1
43,,26.885,4001,0,,21774.32215,1
45,,22.895,8008,0,,35069.37452,1
61,,28.2,5009,0,,13041.921,1
35,,34.21,4002,1,,5245.2269,1
62,,25.0,5003,0,,13451.122,0
62,,33.2,3009,0,,13462.52,1
38,,31.0,3000,1,,5488.262,0
34,,35.815,4005,0,,4320.41085,1
43,,23.2,8008,0,,6250.435,0
50,,32.11,4007,2,,25333.33284,0
19,,23.4,10003,2,,2913.569,0
57,,20.1,8007,1,,12032.326,0
62,,39.16,4003,0,,13470.8044,1
41,,34.21,3001,1,,6289.7549,1
26,,46.53,4006,1,,2927.0647,1
39,,32.5,3002,1,,6238.298,1
46,,25.8,8010,5,,10096.97,1
45,,35.3,4005,0,,7348.142,1
32,,37.18,4004,2,,4673.3922,0
59,,27.5,5000,0,,12233.828,1
44,,29.735,8007,2,,32108.66282,1
39,,24.225,10000,5,,8965.79575,0
18,,26.18,8008,2,,2304.0022,0
53,,29.48,5005,0,,9487.6442,1
18,,23.21,10001,0,,1121.8739,0
50,,46.09,4008,1,,9549.5651,1
18,,40.185,3002,0,,2217.46915,1
19,,22.61,10008,0,,1628.4709,0
62,,39.93,4009,0,,12982.8747,1
56,,35.8,3007,1,,11674.13,1
42,,35.8,3004,2,,7160.094,1
37,,34.2,3001,1,,39047.285,1
42,,31.255,3008,0,,6358.77645,1
25,,29.7,3008,3,,19933.458,0
57,,18.335,5002,0,,11534.87265,0
51,,42.9,3001,2,,47462.894,1
30,,28.405,8008,1,,4527.18295,0
44,,30.2,3008,2,,38998.546,1
34,,27.835,3002,1,,20009.63365,1
31,,39.49,3006,1,,3875.7341,0
54,,30.8,4010,1,,41999.52,1
24,,26.79,8004,1,,12609.88702,0
43,,34.96,4001,1,,41034.2214,1
48,,36.67,3001,1,,28468.91901,1
19,,39.615,3000,1,,2730.10785,0
29,,25.9,8009,0,,3353.284,0
63,,35.2,3005,1,,14474.675,1
46,,24.795,8002,3,,9500.57305,0
52,,36.765,4004,2,,26467.09737,1
35,,27.1,8008,1,,4746.344,0
51,,24.795,8008,2,,23967.38305,1
44,,25.365,8004,1,,7518.02535,0
21,,25.745,8000,2,,3279.86855,0
39,,34.32,3004,5,,8596.8278,0
50,,28.16,8008,3,,10702.6424,1
34,,23.56,10001,0,,4992.3764,0
22,,20.235,10004,0,,2527.81865,0
19,,40.5,3006,0,,1759.338,1
26,,35.42,3007,0,,2322.6218,1
29,,22.895,3000,0,,16138.76205,1
48,,40.15,3006,0,,7804.1605,1
26,,29.15,8005,1,,2902.9065,0
45,,39.995,4006,3,,9704.66805,0
36,,29.92,8007,0,,4889.0368,1
54,,25.46,8009,1,,25517.11363,0
34,,21.375,10006,0,,4500.33925,0
31,,25.9,3001,3,,19199.944,0
27,,30.59,4000,1,,16796.41194,0
20,,30.115,3010,5,,4915.05985,0
44,,25.8,8000,1,,7624.63,0
43,,30.115,4008,3,,8410.04685,0
45,,27.645,8005,1,,28340.18885,0
34,,34.675,3001,0,,4518.82625,1
24,,20.52,4005,0,,14571.8908,1
26,,19.8,10003,1,,3378.91,0
38,,27.835,8007,2,,7144.86265,0
50,,31.6,4009,2,,10118.424,0
38,,28.27,8005,1,,5484.4673,0
27,,20.045,3006,3,,16420.49455,0
39,,23.275,10004,3,,7986.47525,0
39,,34.1,3002,3,,7418.522,0
63,,36.85,3000,0,,13887.9685,1
33,,36.29,4005,3,,6551.7501,0
36,,26.885,8010,0,,5267.81815,1
30,,22.99,4001,2,,17361.7661,0
24,,32.7,4001,0,,34472.841,1
24,,25.8,8010,0,,1972.95,0
48,,29.6,8000,0,,21232.18226,1
47,,19.19,8001,1,,8627.5411,0
29,,31.73,4005,2,,4433.3877,0
28,,29.26,8009,2,,4438.2634,0
47,,28.215,3005,3,,24915.22085,1
25,,24.985,10008,2,,23241.47453,0
51,,27.74,8001,1,,9957.7216,0
48,,22.8,8009,0,,8269.044,0
43,,20.13,8009,2,,18767.7377,1
61,,33.33,3009,4,,36580.28216,0
48,,32.3,4006,1,,8765.249,1
38,,27.6,8007,0,,5383.536,1
59,,25.46,5009,0,,12124.9924,0
19,,24.605,10007,1,,2709.24395,0
26,,34.2,4003,2,,3987.926,0
54,,35.815,4010,3,,12495.29085,0
21,,32.68,3004,2,,26018.95052,0
51,,37.0,4006,0,,8798.593,1
22,,31.02,4005,3,,35595.5898,1
47,,36.08,3008,1,,42211.1382,1
18,,23.32,10010,1,,1711.0268,0
47,,45.32,4007,1,,8569.8618,1
21,,34.6,4002,0,,2020.177,1
19,,26.03,3007,1,,16450.8947,1
23,,18.715,10007,0,,21595.38229,0
54,,31.6,3009,0,,9850.432,1
37,,17.29,10008,2,,6877.9801,1
46,,23.655,8001,1,,21677.28345,1
55,,35.2,4006,0,,44423.803,1
30,,27.93,8005,0,,4137.5227,1
18,,21.565,4000,0,,13747.87235,1
61,,38.38,3000,0,,12950.0712,1
54,,23.0,8003,3,,12094.478,0
22,,37.07,3008,2,,37484.4493,1
45,,30.495,3008,1,,39725.51805,1
22,,28.88,8000,0,,2250.8352,1
19,,27.265,8003,2,,22493.65964,0
35,,28.025,3010,0,,20234.85475,1
18,,23.085,10007,0,,1704.70015,0
20,,30.685,3008,0,,33475.81715,1
28,,25.8,8000,0,,3161.454,0
55,,35.245,3002,1,,11394.06555,1
43,,24.7,8003,2,,21880.82,1
43,,25.08,8004,0,,7325.0482,0
22,,52.58,4002,1,,44501.3982,1
25,,22.515,10002,1,,3594.17085,0
49,,30.9,3010,0,,39727.614,1
44,,36.955,3000,1,,8023.13545,1
64,,26.41,5005,0,,14394.5579,1
49,,29.83,8008,1,,9288.0267,0
47,,29.8,4001,3,,25309.489,1
27,,21.47,10006,0,,3353.4703,0
55,,27.645,5000,0,,10594.50155,1
48,,28.9,8001,0,,8277.523,1
45,,31.79,3001,0,,17929.30337,1
24,,39.49,3007,0,,2480.9791,1
32,,33.82,3007,1,,4462.7218,1
24,,32.01,4005,0,,1981.5819,1
57,,27.94,8010,1,,11554.2236,0
59,,41.14,4007,1,,48970.2476,1
36,,28.595,8006,3,,6548.19505,0
29,,25.6,8009,4,,5708.867,0
42,,25.3,8008,1,,7045.499,0
48,,37.29,4003,2,,8978.1851,1
39,,42.655,4008,0,,5757.41345,1
63,,21.66,8005,1,,14349.8544,0
54,,31.9,4001,1,,10928.849,1
37,,37.07,3004,1,,39871.7043,1
63,,31.445,4005,0,,13974.45555,1
21,,31.255,3004,0,,1909.52745,1
54,,28.88,8006,2,,12096.6512,1
60,,18.335,5000,0,,13204.28565,0
32,,29.59,8002,1,,4562.8421,0
47,,32.0,3004,1,,8551.347,1
21,,26.03,8003,0,,2102.2647,1
28,,31.68,3008,0,,34672.1472,1
63,,33.66,3008,3,,15161.5344,0
18,,21.78,10007,2,,11884.04858,0
32,,27.835,8007,1,,4454.40265,0
38,,19.95,10008,1,,5855.9025,0
32,,31.5,4008,1,,4076.497,1
62,,30.495,4009,2,,15019.76005,0
39,,18.3,3002,5,,19023.26,0
55,,28.975,5009,0,,10796.35025,1
57,,31.54,3009,0,,11353.2276,1
52,,47.74,3000,1,,9748.9106,1
56,,22.1,5009,0,,10577.087,0
47,,36.19,4008,0,,41676.0811,1
55,,29.83,5010,0,,11286.5387,1
23,,32.7,3003,3,,3591.48,0
22,,30.4,3004,0,,33907.548,1
50,,33.7,4004,4,,11299.343,0
18,,31.35,3010,4,,4561.1885,0
51,,34.96,4000,2,,44641.1974,1
22,,33.77,4004,0,,1674.6323,1
52,,30.875,3003,0,,23045.56616,1
25,,33.99,3008,1,,3227.1211,1
33,,19.095,4005,2,,16776.30405,0
53,,28.6,8002,3,,11253.421,1
29,,38.94,3005,1,,3471.4096,0
58,,36.08,4000,0,,11363.2832,1
37,,29.8,8004,0,,20420.60465,1
54,,31.24,3003,0,,10338.9316,1
49,,29.925,8009,0,,8988.15875,1
50,,26.22,8001,2,,10493.9458,1
26,,30.0,8010,1,,2904.088,0
45,,20.35,8000,3,,8605.3615,0
54,,32.3,4002,1,,11512.405,1
38,,38.39,4001,3,,41949.2441,1
48,,25.85,3007,3,,24180.9335,1
28,,26.315,8010,3,,5312.16985,0
23,,24.51,10003,0,,2396.0959,0
55,,32.67,4007,1,,10807.4863,1
41,,29.64,8009,5,,9222.4026,1
25,,33.33,3000,2,,36124.5737,1
33,,35.75,4000,1,,38282.7495,1
30,,19.95,10004,3,,5693.4305,0
23,,31.4,4008,0,,34166.273,1
46,,38.17,4010,2,,8347.1643,1
53,,36.86,4005,3,,46661.4424,1
27,,32.395,4005,1,,18903.49141,1
23,,42.75,4005,1,,40904.1995,1
63,,25.08,5005,0,,14254.6082,0
55,,29.9,5004,0,,10214.636,1
35,,35.86,4009,2,,5836.5204,0
34,,32.8,4001,1,,14358.36437,1
19,,18.6,10008,0,,1728.897,0
39,,23.87,10000,5,,8582.3023,0
27,,45.9,4003,2,,3693.428,1
57,,40.28,3008,0,,20709.02034,1
52,,18.335,5005,0,,9991.03765,0
28,,33.82,4007,0,,19673.33573,1
50,,28.12,8005,3,,11085.5868,1
44,,25.0,8001,1,,7623.518,0
26,,22.23,10007,0,,3176.2877,0
33,,30.25,3003,0,,3704.3545,1
19,,32.49,3001,0,,36898.73308,1
50,,37.07,3002,1,,9048.0273,1
41,,32.6,3006,3,,7954.517,0
52,,24.86,5008,0,,27117.99378,0
39,,32.34,4003,2,,6338.0756,0
50,,32.3,4007,2,,9630.397,0
52,,32.775,3008,3,,11289.10925,0
60,,32.8,3005,0,,52590.82939,1
20,,31.92,4007,0,,2261.5688,1
55,,21.5,8007,1,,10791.96,0
42,,34.1,3010,0,,5979.731,1
18,,30.305,4004,0,,2203.73595,1
58,,36.48,4003,0,,12235.8392,1
43,,32.56,3009,3,,40941.2854,1
35,,35.815,4001,1,,5630.45785,0
48,,27.93,8006,4,,11015.1747,1
36,,22.135,10007,3,,7228.21565,0
19,,44.88,3010,0,,39722.7462,1
23,,23.18,10009,2,,14426.07385,0
20,,30.59,4000,0,,2459.7201,1
32,,41.1,3006,0,,3989.841,1
43,,34.58,4009,1,,7727.2532,1
34,,42.13,3000,2,,5124.1887,0
30,,38.83,4000,1,,18963.17192,0
18,,28.215,8000,0,,2200.83085,1
41,,28.31,8000,1,,7153.5539,0
35,,26.125,8002,0,,5227.98875,1
57,,40.37,4008,0,,10982.5013,1
29,,24.6,10005,2,,4529.477,0
32,,35.2,3002,2,,4670.64,0
37,,34.105,4000,1,,6112.35295,1
18,,27.36,4010,1,,17178.6824,1
43,,26.7,4004,2,,22478.6,0
56,,41.91,4009,0,,11093.6229,1
38,,29.26,8000,2,,6457.8434,0
29,,32.11,3003,2,,4433.9159,0
22,,27.1,8008,0,,2154.361,1
52,,24.13,8008,1,,23887.6627,1
40,,27.4,8004,1,,6496.886,0
23,,34.865,3006,0,,2899.48935,1
31,,29.81,3004,0,,19350.3689,1
42,,41.325,4010,1,,7650.77375,1
24,,29.925,8009,0,,2850.68375,1
25,,30.3,3005,0,,2632.992,1
48,,27.36,8008,1,,9447.3824,0
23,,28.49,4009,1,,18328.2381,1
45,,23.56,8007,2,,8603.8234,0
20,,35.625,4005,3,,37465.34375,1
62,,32.68,4000,0,,13844.7972,1
43,,25.27,4009,1,,21771.3423,1
23,,28.0,8006,0,,13126.67745,1
31,,32.775,3003,2,,5327.40025,0
41,,21.755,8008,1,,13725.47184,0
58,,32.395,4005,1,,13019.16105,1
48,,36.575,3006,0,,8671.19125,1
31,,21.755,10003,0,,4134.08245,0
19,,27.93,8003,3,,18838.70366,0
19,,30.02,3009,0,,33307.5508,1
41,,33.55,3000,0,,5699.8375,1
40,,29.355,8009,1,,6393.60345,0
31,,25.8,8004,2,,4934.705,0
37,,24.32,10004,2,,6198.7518,0
46,,40.375,4000,2,,8733.22925,0
22,,32.11,3000,0,,2055.3249,1
51,,32.3,4003,1,,9964.06,1
18,,27.28,3000,3,,18223.4512,0
35,,17.86,10004,1,,5116.5004,0
59,,34.8,4004,2,,36910.60803,0
36,,33.4,3004,2,,38415.474,1
37,,25.555,3006,1,,20296.86345,1
59,,37.1,4003,1,,12347.172,1
36,,30.875,4003,1,,5373.36425,0
39,,34.1,3004,2,,23563.01618,0
18,,21.47,10004,0,,1702.4553,0
52,,33.3,4001,2,,10806.839,0
27,,31.255,3007,1,,3956.07145,1
18,,39.14,4000,0,,12890.05765,1
40,,25.08,8005,0,,5415.6612,0
29,,37.29,3004,2,,4058.1161,0
46,,34.6,4005,1,,41661.602,1
38,,30.21,3006,3,,7537.1639,0
30,,21.945,10006,1,,4718.20355,0
40,,24.97,8003,2,,6593.5083,0
50,,25.3,8007,0,,8442.667,0
20,,24.42,3004,0,,26125.67477,1
41,,23.94,8007,1,,6858.4796,0
33,,39.82,4008,1,,4795.6568,0
38,,16.815,10009,2,,6640.54485,1
42,,37.18,4009,2,,7162.0122,1
56,,34.43,3008,0,,10594.2257,1
58,,30.305,3010,0,,11938.25595,1
52,,34.485,4006,3,,60021.39897,1
20,,21.8,4000,0,,20167.33603,1
54,,24.605,8010,3,,12479.70895,0
58,,23.3,10000,0,,11345.519,0
45,,27.83,8008,2,,8515.7587,1
26,,31.065,4007,0,,2699.56835,1
63,,21.66,5008,0,,14449.8544,0
58,,28.215,5003,0,,12224.35085,1
37,,22.705,10008,3,,6985.50695,0
25,,42.13,3007,1,,3238.4357,1
52,,41.8,3008,2,,47269.854,1
64,,36.96,3005,2,,49577.6624,1
22,,21.28,10003,3,,4296.2712,0
28,,33.11,4000,0,,3171.6149,1
18,,33.33,3008,0,,1135.9407,1
28,,24.3,10008,5,,5615.369,0
45,,25.7,8010,3,,9101.798,1
33,,29.4,8007,4,,6059.173,0
18,,39.82,4006,0,,1633.9618,1
32,,33.63,4000,1,,37607.5277,1
24,,29.83,4007,0,,18648.4217,1
19,,19.8,10001,0,,1241.565,0
20,,27.3,4007,0,,16232.847,1
40,,29.3,8010,4,,15828.82173,0
34,,27.72,8008,0,,4415.1588,1
42,,37.9,4002,0,,6474.013,1
51,,36.385,3003,3,,11436.73815,0
54,,27.645,8009,1,,11305.93455,0
55,,37.715,4002,3,,30063.58055,0
52,,23.18,5000,0,,10197.7722,0
32,,20.52,10001,0,,4544.2348,0
28,,37.1,3001,1,,3277.161,0
41,,28.05,8008,1,,6770.1925,0
43,,29.9,8010,1,,7337.748,0
49,,33.345,4003,2,,10370.91255,0
64,,23.76,5001,0,,26926.5144,1
55,,30.5,4009,0,,10704.47,1
24,,31.065,3002,0,,34254.05335,1
20,,33.3,4004,0,,1880.487,1
45,,27.5,8007,3,,8615.3,1
26,,33.915,4005,1,,3292.52985,1
25,,34.485,3002,0,,3021.80915,1
43,,25.52,8010,5,,14478.33015,1
35,,27.61,8006,1,,4747.0529,0
26,,27.06,3005,0,,17043.3414,1
57,,23.7,5010,0,,10959.33,0
22,,30.4,4003,0,,2741.948,1
32,,29.735,8008,0,,4357.04365,1
39,,29.925,4002,1,,22462.04375,1
25,,26.79,8010,2,,4189.1131,0
48,,33.33,3009,0,,8283.6807,1
47,,27.645,3001,2,,24535.69855,1
18,,21.66,3008,0,,14283.4594,1
18,,30.03,3008,1,,1720.3537,0
61,,36.3,4009,1,,47403.88,1
47,,24.32,8007,0,,8534.6718,0
28,,17.29,10010,0,,3732.6251,1
36,,25.9,8002,1,,5472.449,0
20,,39.4,3003,2,,38344.566,1
44,,34.32,4002,1,,7147.4728,1
38,,19.95,10004,2,,7133.9025,0
19,,34.9,4001,0,,34828.654,1
21,,23.21,10002,0,,1515.3449,0
46,,25.745,8001,3,,9301.89355,1
58,,25.175,5010,0,,11931.12525,0
20,,22.0,10004,1,,1964.78,0
18,,26.125,8001,0,,1708.92575,1
28,,26.51,8009,2,,4340.4409,0
33,,27.455,8001,2,,5261.46945,0
19,,25.745,8006,1,,2710.82855,0
45,,30.36,4002,0,,62592.87309,1
62,,30.875,4001,3,,46718.16325,1
25,,20.8,10005,1,,3208.787,0
43,,27.8,4009,0,,37829.7242,1
42,,24.605,8009,2,,21259.37795,1
24,,27.72,8008,0,,2464.6188,1
29,,21.85,3007,0,,16115.3045,1
32,,28.12,4001,4,,21472.4788,0
25,,30.2,3008,0,,33900.653,1
41,,32.2,3001,2,,6875.961,0
42,,26.315,8006,1,,6940.90985,0
33,,26.695,8005,0,,4571.41305,1
34,,42.9,4001,1,,4536.259,1
19,,34.7,4000,2,,36397.576,1
30,,23.655,4005,3,,18765.87545,0
18,,28.31,8009,1,,11272.33139,0
19,,20.6,10009,0,,1731.677,0
18,,53.13,3005,0,,1163.4627,1
35,,39.71,3000,4,,19496.71917,0
39,,26.315,8003,2,,7201.70085,0
31,,31.065,4008,3,,5425.02335,0
62,,26.695,5006,0,,28101.33305,1
62,,38.83,3010,0,,12981.3457,1
42,,40.37,4006,2,,43896.3763,1
31,,25.935,8010,1,,4239.89265,0
61,,33.535,3006,0,,13143.33665,1
42,,32.87,4004,0,,7050.0213,1
51,,30.03,4001,1,,9377.9047,1
23,,24.225,10001,2,,22395.74424,0
52,,38.6,3009,2,,10325.206,1
57,,25.74,8003,2,,12629.1656,1
23,,33.4,3004,0,,10795.93733,1
52,,44.7,4009,3,,11411.685,0
50,,30.97,4008,3,,10600.5483,0
18,,31.92,3003,0,,2205.9808,1
18,,36.85,3008,0,,1629.8335,1
21,,25.8,8009,0,,2007.945,0
61,,29.07,8008,0,,29141.3603,1
